{"cameraMode":{"drawMode":0,"name":"Shaded","section":"Shading Mode"},"sceneLighting":true,"audioPlay":false,"sceneViewState":{"m_AlwaysRefresh":false,"showFog":true,"showSkybox":true,"showFlares":true,"showImageEffects":true,"showParticleSystems":true,"showVisualEffectGraphs":true,"m_FxEnabled":false},"in2DMode":false,"pivot":{"x":0.8391994833946228,"y":-9.49130630493164,"z":0.1677953004837036},"rotation":{"x":-0.014315961860120297,"y":0.7220537066459656,"z":-0.6915320158004761,"w":-0.014948106370866299},"size":12.336152076721192,"orthographic":false}