{"cameraMode":{"drawMode":0,"name":"Shaded","section":"Shading Mode"},"sceneLighting":true,"audioPlay":false,"sceneViewState":{"m_AlwaysRefresh":false,"showFog":true,"showSkybox":true,"showFlares":true,"showImageEffects":true,"showParticleSystems":true,"showVisualEffectGraphs":true,"m_FxEnabled":true},"in2DMode":false,"pivot":{"x":9.103118896484375,"y":10.245850563049317,"z":-2.8730645179748537},"rotation":{"x":-0.0006904693436808884,"y":-0.9964161515235901,"z":0.08450876176357269,"w":-0.008065692149102688},"size":6.644314289093018,"orthographic":false}